areaCode,areaName,areaType,date,hospitalCases,newAdmissions,newCasesBySpecimenDate,newDailyNsoDeathsByDeathDate,newPeopleVaccinatedCompleteByPublishDate
K02000001,United Kingdom,overview,2021-09-01,7596,,7235,,113385
K02000001,United Kingdom,overview,2021-08-31,7620,,36174,,119402
K02000001,United Kingdom,overview,2021-08-30,7285,,32020,,66648
K02000001,United Kingdom,overview,2021-08-29,7059,848,24861,,79440
K02000001,United Kingdom,overview,2021-08-28,6932,847,26443,,133688
K02000001,United Kingdom,overview,2021-08-27,7041,923,32905,,131456
K02000001,United Kingdom,overview,2021-08-26,6996,949,36911,,144936
K02000001,United Kingdom,overview,2021-08-25,6953,1024,38026,,161705
K02000001,United Kingdom,overview,2021-08-24,6932,985,36942,,130676
K02000001,United Kingdom,overview,2021-08-23,6991,953,38931,,131283
K02000001,United Kingdom,overview,2021-08-22,6722,823,28235,,116352
K02000001,United Kingdom,overview,2021-08-21,6508,865,28006,,194881
K02000001,United Kingdom,overview,2021-08-20,6499,864,31599,55,167392
K02000001,United Kingdom,overview,2021-08-19,6489,938,35766,68,175059
K02000001,United Kingdom,overview,2021-08-18,6448,900,37914,73,169223
K02000001,United Kingdom,overview,2021-08-17,6393,961,37077,78,145875
K02000001,United Kingdom,overview,2021-08-16,6369,868,36115,73,138390
K02000001,United Kingdom,overview,2021-08-15,6034,806,24857,80,126383
K02000001,United Kingdom,overview,2021-08-14,5870,787,24590,98,199584
K02000001,United Kingdom,overview,2021-08-13,5971,786,28380,90,171585
K02000001,United Kingdom,overview,2021-08-12,5943,857,31017,93,192559
K02000001,United Kingdom,overview,2021-08-11,5991,843,32649,79,173761
K02000001,United Kingdom,overview,2021-08-10,6009,893,30832,76,151143
K02000001,United Kingdom,overview,2021-08-09,6005,754,31475,81,137028
K02000001,United Kingdom,overview,2021-08-08,5845,741,22360,80,122070
K02000001,United Kingdom,overview,2021-08-07,5691,723,22090,102,213583
K02000001,United Kingdom,overview,2021-08-06,5740,774,27490,89,168356
K02000001,United Kingdom,overview,2021-08-05,5745,805,31025,95,172692
K02000001,United Kingdom,overview,2021-08-04,5782,833,31646,90,165669
K02000001,United Kingdom,overview,2021-08-03,5997,760,29766,76,142761
K02000001,United Kingdom,overview,2021-08-02,6205,784,29218,87,126192
K02000001,United Kingdom,overview,2021-08-01,5972,739,20469,95,118044
K02000001,United Kingdom,overview,2021-07-31,5948,674,20132,86,212014
K02000001,United Kingdom,overview,2021-07-30,6009,742,24239,96,171096
K02000001,United Kingdom,overview,2021-07-29,5976,833,27839,84,179918
K02000001,United Kingdom,overview,2021-07-28,6100,850,29573,79,171173
K02000001,United Kingdom,overview,2021-07-27,6088,916,28978,74,151650
K02000001,United Kingdom,overview,2021-07-26,5996,935,29299,75,148936
K02000001,United Kingdom,overview,2021-07-25,5639,937,21740,68,117956
K02000001,United Kingdom,overview,2021-07-24,5370,826,22436,65,203886
K02000001,United Kingdom,overview,2021-07-23,5303,862,27204,78,189341
K02000001,United Kingdom,overview,2021-07-22,5091,953,30642,83,188297
K02000001,United Kingdom,overview,2021-07-21,4921,928,34887,58,183338
K02000001,United Kingdom,overview,2021-07-20,4733,934,39032,64,161279
K02000001,United Kingdom,overview,2021-07-19,4642,872,46840,84,143560
K02000001,United Kingdom,overview,2021-07-18,4339,795,35465,70,128878
K02000001,United Kingdom,overview,2021-07-17,4224,709,37819,59,225214
K02000001,United Kingdom,overview,2021-07-16,4144,698,54200,52,202314
K02000001,United Kingdom,overview,2021-07-15,4031,771,60702,50,201893
K02000001,United Kingdom,overview,2021-07-14,3850,753,53780,43,185661
K02000001,United Kingdom,overview,2021-07-13,3667,749,46707,49,158276
K02000001,United Kingdom,overview,2021-07-12,3452,731,43605,39,125360
K02000001,United Kingdom,overview,2021-07-11,3176,592,30007,35,107620
K02000001,United Kingdom,overview,2021-07-10,3030,550,27859,43,211446
K02000001,United Kingdom,overview,2021-07-09,2933,556,32205,48,178819
K02000001,United Kingdom,overview,2021-07-08,2762,603,33340,41,175467
K02000001,United Kingdom,overview,2021-07-07,2675,568,37806,35,171477
K02000001,United Kingdom,overview,2021-07-06,2480,573,35357,33,153126
K02000001,United Kingdom,overview,2021-07-05,2358,517,34176,28,147814
K02000001,United Kingdom,overview,2021-07-04,2172,463,24667,29,111410
K02000001,United Kingdom,overview,2021-07-03,2053,391,23554,29,196209
K02000001,United Kingdom,overview,2021-07-02,2009,390,25770,30,177478
K02000001,United Kingdom,overview,2021-07-01,1931,369,28103,28,193066
K02000001,United Kingdom,overview,2021-06-30,1821,414,28327,26,175749
K02000001,United Kingdom,overview,2021-06-29,1743,366,27591,24,150688
K02000001,United Kingdom,overview,2021-06-28,1740,309,27744,18,138016
K02000001,United Kingdom,overview,2021-06-27,1602,265,18125,23,123555
K02000001,United Kingdom,overview,2021-06-26,1542,266,15967,17,199505
K02000001,United Kingdom,overview,2021-06-25,1536,251,17766,21,174770
K02000001,United Kingdom,overview,2021-06-24,1515,253,18296,28,177813
K02000001,United Kingdom,overview,2021-06-23,1494,275,17905,7,167988
K02000001,United Kingdom,overview,2021-06-22,1540,238,16997,16,250875
K02000001,United Kingdom,overview,2021-06-21,1517,228,15953,12,39325
K02000001,United Kingdom,overview,2021-06-20,1383,206,9873,20,109408
K02000001,United Kingdom,overview,2021-06-19,1348,211,8253,19,236363
K02000001,United Kingdom,overview,2021-06-18,1363,236,10057,17,205677
K02000001,United Kingdom,overview,2021-06-17,1321,241,10770,9,223260
K02000001,United Kingdom,overview,2021-06-16,1256,228,10773,13,234834
K02000001,United Kingdom,overview,2021-06-15,1231,231,10493,20,230666
K02000001,United Kingdom,overview,2021-06-14,1180,228,10104,12,235928
K02000001,United Kingdom,overview,2021-06-13,1139,223,6955,12,181121
K02000001,United Kingdom,overview,2021-06-12,1104,177,6114,11,320326
K02000001,United Kingdom,overview,2021-06-11,1075,178,7440,13,307192
K02000001,United Kingdom,overview,2021-06-10,1094,200,7836,15,308038
K02000001,United Kingdom,overview,2021-06-09,1063,190,7990,16,316258
K02000001,United Kingdom,overview,2021-06-08,1056,188,7677,15,313482
K02000001,United Kingdom,overview,2021-06-07,1034,174,7740,6,306068
K02000001,United Kingdom,overview,2021-06-06,963,153,5406,13,259941
K02000001,United Kingdom,overview,2021-06-05,937,126,4619,6,473378
K02000001,United Kingdom,overview,2021-06-04,964,123,5706,12,388031
K02000001,United Kingdom,overview,2021-06-03,937,126,6097,16,377641
K02000001,United Kingdom,overview,2021-06-02,960,128,6047,12,349019
K02000001,United Kingdom,overview,2021-06-01,929,154,5234,10,338565
K02000001,United Kingdom,overview,2021-05-31,928,124,3781,11,195546
K02000001,United Kingdom,overview,2021-05-30,906,111,3095,8,206322
K02000001,United Kingdom,overview,2021-05-29,886,104,2934,12,418848
K02000001,United Kingdom,overview,2021-05-28,885,138,3490,13,435951
K02000001,United Kingdom,overview,2021-05-27,872,125,3637,8,434096
K02000001,United Kingdom,overview,2021-05-26,895,130,3800,14,427458
K02000001,United Kingdom,overview,2021-05-25,921,132,3303,9,387987
K02000001,United Kingdom,overview,2021-05-24,960,139,3236,16,332955
K02000001,United Kingdom,overview,2021-05-23,924,114,2242,15,252139
K02000001,United Kingdom,overview,2021-05-22,887,120,1925,4,556951
K02000001,United Kingdom,overview,2021-05-21,922,124,2293,18,426683
K02000001,United Kingdom,overview,2021-05-20,912,131,2425,6,420312
K02000001,United Kingdom,overview,2021-05-19,918,126,2710,4,369018
K02000001,United Kingdom,overview,2021-05-18,898,127,2707,10,324001
K02000001,United Kingdom,overview,2021-05-17,943,102,2765,13,259049
K02000001,United Kingdom,overview,2021-05-16,941,80,1853,14,183745
K02000001,United Kingdom,overview,2021-05-15,966,90,1581,14,391246
K02000001,United Kingdom,overview,2021-05-14,976,93,1848,14,393402
K02000001,United Kingdom,overview,2021-05-13,1001,103,2092,15,428041
K02000001,United Kingdom,overview,2021-05-12,1068,119,2229,15,452437
K02000001,United Kingdom,overview,2021-05-11,1106,108,2197,20,350147
K02000001,United Kingdom,overview,2021-05-10,1129,104,2653,8,231835
K02000001,United Kingdom,overview,2021-05-09,1118,103,2169,11,187171
K02000001,United Kingdom,overview,2021-05-08,1137,109,1512,20,438837
K02000001,United Kingdom,overview,2021-05-07,1157,104,1881,17,465822
K02000001,United Kingdom,overview,2021-05-06,1159,120,2162,17,473001
K02000001,United Kingdom,overview,2021-05-05,1238,118,2393,22,404226
K02000001,United Kingdom,overview,2021-05-04,1295,101,2397,15,257486
K02000001,United Kingdom,overview,2021-05-03,1303,123,1974,16,127499
K02000001,United Kingdom,overview,2021-05-02,1285,120,1425,18,172891
K02000001,United Kingdom,overview,2021-05-01,1287,101,1354,15,372304
K02000001,United Kingdom,overview,2021-04-30,1366,110,1702,16,421785
K02000001,United Kingdom,overview,2021-04-29,1464,100,2084,17,491567
K02000001,United Kingdom,overview,2021-04-28,1515,112,2361,21,462885
K02000001,United Kingdom,overview,2021-04-27,1572,167,2056,25,379265
K02000001,United Kingdom,overview,2021-04-26,1649,134,2444,20,304688
K02000001,United Kingdom,overview,2021-04-25,1626,138,1991,25,260801
K02000001,United Kingdom,overview,2021-04-24,1673,129,1466,24,547636
K02000001,United Kingdom,overview,2021-04-23,1749,155,1888,29,465015
K02000001,United Kingdom,overview,2021-04-22,1791,120,2250,33,431070
K02000001,United Kingdom,overview,2021-04-21,1893,172,2540,35,416784
K02000001,United Kingdom,overview,2021-04-20,1926,134,2366,34,350027
K02000001,United Kingdom,overview,2021-04-19,2007,177,2603,23,273751
K02000001,United Kingdom,overview,2021-04-18,1983,141,2439,30,221193
K02000001,United Kingdom,overview,2021-04-17,2035,158,1636,40,499635
K02000001,United Kingdom,overview,2021-04-16,2140,158,2349,30,499664
K02000001,United Kingdom,overview,2021-04-15,2195,161,2188,42,417683
K02000001,United Kingdom,overview,2021-04-14,2295,196,2396,34,343783
K02000001,United Kingdom,overview,2021-04-13,2408,181,2334,47,312685
K02000001,United Kingdom,overview,2021-04-12,2492,205,2713,36,201191
K02000001,United Kingdom,overview,2021-04-11,2549,203,2256,39,189665
K02000001,United Kingdom,overview,2021-04-10,2650,186,2258,43,475230
K02000001,United Kingdom,overview,2021-04-09,2793,205,2781,38,450136
K02000001,United Kingdom,overview,2021-04-08,2872,207,2983,60,449269
K02000001,United Kingdom,overview,2021-04-07,3019,233,3083,44,408396
K02000001,United Kingdom,overview,2021-04-06,3143,224,3115,45,186793
K02000001,United Kingdom,overview,2021-04-05,3255,237,2616,44,64590
K02000001,United Kingdom,overview,2021-04-04,3229,197,2294,51,47708
K02000001,United Kingdom,overview,2021-04-03,3244,223,2405,40,178913
K02000001,United Kingdom,overview,2021-04-02,3376,237,2624,50,246631
K02000001,United Kingdom,overview,2021-04-01,3557,234,3470,62,445416
K02000001,United Kingdom,overview,2021-03-31,3742,269,3765,74,387574
K02000001,United Kingdom,overview,2021-03-30,3976,256,3593,54,277682
K02000001,United Kingdom,overview,2021-03-29,4197,250,3972,68,168230
K02000001,United Kingdom,overview,2021-03-28,4185,272,4652,48,147594
K02000001,United Kingdom,overview,2021-03-27,4436,273,3532,62,238861
K02000001,United Kingdom,overview,2021-03-26,4485,298,4385,72,283654
K02000001,United Kingdom,overview,2021-03-25,4583,340,5399,77,234382
K02000001,United Kingdom,overview,2021-03-24,4880,348,6005,69,242642
K02000001,United Kingdom,overview,2021-03-23,5150,367,5252,93,169155
K02000001,United Kingdom,overview,2021-03-22,5431,361,6202,105,82300
K02000001,United Kingdom,overview,2021-03-21,5448,358,5231,123,52612
K02000001,United Kingdom,overview,2021-03-20,5567,364,4098,99,91977
K02000001,United Kingdom,overview,2021-03-19,5880,380,4994,101,125725
K02000001,United Kingdom,overview,2021-03-18,6150,451,5470,99,132016
K02000001,United Kingdom,overview,2021-03-17,6585,446,5770,126,119609
K02000001,United Kingdom,overview,2021-03-16,6847,441,5672,112,95799
K02000001,United Kingdom,overview,2021-03-15,7207,503,6502,135,53366
K02000001,United Kingdom,overview,2021-03-14,7315,426,4299,132,25371
K02000001,United Kingdom,overview,2021-03-13,7384,461,4241,134,52155
K02000001,United Kingdom,overview,2021-03-12,7728,481,5584,134,87676
K02000001,United Kingdom,overview,2021-03-11,8066,550,5768,171,93563
K02000001,United Kingdom,overview,2021-03-10,8436,567,6034,160,97162
K02000001,United Kingdom,overview,2021-03-09,9009,579,6218,185,72922
K02000001,United Kingdom,overview,2021-03-08,9474,576,6640,195,38788
K02000001,United Kingdom,overview,2021-03-07,9459,535,4283,194,20241
K02000001,United Kingdom,overview,2021-03-06,9711,637,4497,209,31562
K02000001,United Kingdom,overview,2021-03-05,10312,599,5299,219,56772
K02000001,United Kingdom,overview,2021-03-04,10933,704,5718,232,70206
K02000001,United Kingdom,overview,2021-03-03,11523,713,5966,214,68450
K02000001,United Kingdom,overview,2021-03-02,12139,834,6651,242,51314
K02000001,United Kingdom,overview,2021-03-01,12894,823,6876,289,28282
K02000001,United Kingdom,overview,2021-02-28,12788,769,4710,277,19684
K02000001,United Kingdom,overview,2021-02-27,13269,742,4815,305,27322
K02000001,United Kingdom,overview,2021-02-26,14077,864,6561,299,32773
K02000001,United Kingdom,overview,2021-02-25,14849,969,7710,347,35319
K02000001,United Kingdom,overview,2021-02-24,15534,1022,8536,363,31613
K02000001,United Kingdom,overview,2021-02-23,16115,1120,9376,376,26317
K02000001,United Kingdom,overview,2021-02-22,16855,1119,11240,373,18463
K02000001,United Kingdom,overview,2021-02-21,16857,1157,7868,410,9177
K02000001,United Kingdom,overview,2021-02-20,17042,1091,8049,448,10263
K02000001,United Kingdom,overview,2021-02-19,17860,1272,10381,463,15294
K02000001,United Kingdom,overview,2021-02-18,18522,1338,11406,519,15867
K02000001,United Kingdom,overview,2021-02-17,19449,1411,11553,502,15147
K02000001,United Kingdom,overview,2021-02-16,20215,1493,12481,562,12412
K02000001,United Kingdom,overview,2021-02-15,20994,1502,14264,610,6535
K02000001,United Kingdom,overview,2021-02-14,21054,1535,8752,598,1915
K02000001,United Kingdom,overview,2021-02-13,20970,1427,8756,580,2846
K02000001,United Kingdom,overview,2021-02-12,22324,1509,12149,628,4775
K02000001,United Kingdom,overview,2021-02-11,23411,1679,12732,666,5647
K02000001,United Kingdom,overview,2021-02-10,24417,1725,13476,707,4894
K02000001,United Kingdom,overview,2021-02-09,25689,1755,13792,720,3161
K02000001,United Kingdom,overview,2021-02-08,26744,1920,15694,776,3811
K02000001,United Kingdom,overview,2021-02-07,26800,1851,11370,750,862
K02000001,United Kingdom,overview,2021-02-06,26914,1894,11953,780,1662
K02000001,United Kingdom,overview,2021-02-05,28383,2005,15839,869,4064
K02000001,United Kingdom,overview,2021-02-04,29413,2142,17950,822,4036
K02000001,United Kingdom,overview,2021-02-03,30604,2360,19392,965,2995
K02000001,United Kingdom,overview,2021-02-02,31766,2483,19749,958,2166
K02000001,United Kingdom,overview,2021-02-01,32960,2602,22328,1001,2587
K02000001,United Kingdom,overview,2021-01-31,32586,2406,15367,990,3156
K02000001,United Kingdom,overview,2021-01-30,33015,2471,16663,1021,10621
K02000001,United Kingdom,overview,2021-01-29,33847,2687,21760,1152,2178
K02000001,United Kingdom,overview,2021-01-28,34909,3046,24130,1220,1769
K02000001,United Kingdom,overview,2021-01-27,35513,3058,25665,1227,2329
K02000001,United Kingdom,overview,2021-01-26,37101,3151,26969,1164,1710
K02000001,United Kingdom,overview,2021-01-25,37756,2931,29893,1255,1968
K02000001,United Kingdom,overview,2021-01-24,37730,3112,17150,1231,818
K02000001,United Kingdom,overview,2021-01-23,37398,3116,21820,1280,1043
K02000001,United Kingdom,overview,2021-01-22,38257,3392,29521,1329,1821
K02000001,United Kingdom,overview,2021-01-21,38059,3636,31645,1339,2760
K02000001,United Kingdom,overview,2021-01-20,38739,4050,35068,1378,3411
K02000001,United Kingdom,overview,2021-01-19,38846,4161,39454,1484,3759
K02000001,United Kingdom,overview,2021-01-18,39254,4064,44750,1396,4565
K02000001,United Kingdom,overview,2021-01-17,38169,3750,28842,1354,2239
K02000001,United Kingdom,overview,2021-01-16,37715,3941,30523,1413,2620
K02000001,United Kingdom,overview,2021-01-15,38132,3684,40380,1316,4208
K02000001,United Kingdom,overview,2021-01-14,37691,4103,42367,1332,5257
K02000001,United Kingdom,overview,2021-01-13,37487,4224,45383,1300,9745
K02000001,United Kingdom,overview,2021-01-12,36981,4583,49354,1313,16065
K02000001,United Kingdom,overview,2021-01-11,36751,4308,57079,1238,20768
K02000001,United Kingdom,overview,2021-01-10,35391,3937,36333,1168,
K02000001,United Kingdom,overview,2021-01-09,34032,4126,39078,1088,
K02000001,United Kingdom,overview,2021-01-08,33778,3999,46973,1051,
K02000001,United Kingdom,overview,2021-01-07,32583,4294,51941,1053,
K02000001,United Kingdom,overview,2021-01-06,31946,4392,57373,1014,
K02000001,United Kingdom,overview,2021-01-05,30686,4118,65080,962,
K02000001,United Kingdom,overview,2021-01-04,30775,3936,76145,893,
K02000001,United Kingdom,overview,2021-01-03,29033,3649,55168,806,
K02000001,United Kingdom,overview,2021-01-02,27561,3443,60410,830,
K02000001,United Kingdom,overview,2021-01-01,26389,3369,31831,811,
K02000001,United Kingdom,overview,2020-12-31,26578,2921,52778,824,
K02000001,United Kingdom,overview,2020-12-30,26551,3294,70767,760,
K02000001,United Kingdom,overview,2020-12-29,25549,3252,81492,713,
K02000001,United Kingdom,overview,2020-12-28,24049,3138,45580,723,
K02000001,United Kingdom,overview,2020-12-27,22764,2872,47696,718,
K02000001,United Kingdom,overview,2020-12-26,21730,2530,40363,692,
K02000001,United Kingdom,overview,2020-12-25,20918,2181,14174,655,
K02000001,United Kingdom,overview,2020-12-24,21577,2083,31804,616,
K02000001,United Kingdom,overview,2020-12-23,21222,2278,42168,629,
K02000001,United Kingdom,overview,2020-12-22,21488,2481,45650,629,
K02000001,United Kingdom,overview,2020-12-21,21133,2370,47357,602,
K02000001,United Kingdom,overview,2020-12-20,20004,2171,32436,551,
K02000001,United Kingdom,overview,2020-12-19,19463,2045,25129,548,
K02000001,United Kingdom,overview,2020-12-18,19117,1921,35820,586,
K02000001,United Kingdom,overview,2020-12-17,18970,2145,33878,567,
K02000001,United Kingdom,overview,2020-12-16,18671,2081,34904,484,
K02000001,United Kingdom,overview,2020-12-15,18216,1958,33833,507,
K02000001,United Kingdom,overview,2020-12-14,18246,1956,34700,506,
K02000001,United Kingdom,overview,2020-12-13,17538,1755,21983,480,
K02000001,United Kingdom,overview,2020-12-12,16909,1800,19353,488,
K02000001,United Kingdom,overview,2020-12-11,16885,1688,24060,491,
K02000001,United Kingdom,overview,2020-12-10,16723,1753,22602,496,
K02000001,United Kingdom,overview,2020-12-09,16331,1757,21605,448,
K02000001,United Kingdom,overview,2020-12-08,16477,1783,20781,472,
K02000001,United Kingdom,overview,2020-12-07,16415,1662,21320,466,
K02000001,United Kingdom,overview,2020-12-06,15960,1471,13576,436,
K02000001,United Kingdom,overview,2020-12-05,15688,1379,12730,407,
K02000001,United Kingdom,overview,2020-12-04,15727,1432,15657,499,
K02000001,United Kingdom,overview,2020-12-03,15658,1503,15628,504,
K02000001,United Kingdom,overview,2020-12-02,15977,1486,16463,414,
K02000001,United Kingdom,overview,2020-12-01,16312,1490,16450,425,
K02000001,United Kingdom,overview,2020-11-30,16565,1406,18007,465,
K02000001,United Kingdom,overview,2020-11-29,16313,1388,10680,501,
K02000001,United Kingdom,overview,2020-11-28,15985,1220,10961,486,
K02000001,United Kingdom,overview,2020-11-27,16571,1280,14360,460,
K02000001,United Kingdom,overview,2020-11-26,16762,1425,14570,461,
K02000001,United Kingdom,overview,2020-11-25,17132,1614,16607,499,
K02000001,United Kingdom,overview,2020-11-24,17424,1499,16450,496,
K02000001,United Kingdom,overview,2020-11-23,17680,1588,18767,508,
K02000001,United Kingdom,overview,2020-11-22,17264,1492,11730,512,
K02000001,United Kingdom,overview,2020-11-21,17063,1462,12349,498,
K02000001,United Kingdom,overview,2020-11-20,17184,1551,16845,485,
K02000001,United Kingdom,overview,2020-11-19,17459,1687,17748,485,
K02000001,United Kingdom,overview,2020-11-18,17486,1786,20747,514,
K02000001,United Kingdom,overview,2020-11-17,17439,1718,23161,466,
K02000001,United Kingdom,overview,2020-11-16,17313,1770,26567,431,
K02000001,United Kingdom,overview,2020-11-15,16864,1674,16028,457,
K02000001,United Kingdom,overview,2020-11-14,16299,1616,17986,459,
K02000001,United Kingdom,overview,2020-11-13,16236,1650,24035,450,
K02000001,United Kingdom,overview,2020-11-12,15879,1917,24458,430,
K02000001,United Kingdom,overview,2020-11-11,15666,1972,27348,409,
K02000001,United Kingdom,overview,2020-11-10,14964,1856,27409,410,
K02000001,United Kingdom,overview,2020-11-09,15141,1769,31043,493,
K02000001,United Kingdom,overview,2020-11-08,14546,1692,19951,433,
K02000001,United Kingdom,overview,2020-11-07,14314,1559,18515,417,
K02000001,United Kingdom,overview,2020-11-06,13958,1417,23322,417,
K02000001,United Kingdom,overview,2020-11-05,13796,1591,23737,388,
K02000001,United Kingdom,overview,2020-11-04,13817,1688,23671,340,
K02000001,United Kingdom,overview,2020-11-03,13749,1526,25576,377,
K02000001,United Kingdom,overview,2020-11-02,13105,1574,31503,338,
K02000001,United Kingdom,overview,2020-11-01,12230,1498,15748,359,
K02000001,United Kingdom,overview,2020-10-31,12310,1461,16480,340,
K02000001,United Kingdom,overview,2020-10-30,11788,1384,22654,352,
K02000001,United Kingdom,overview,2020-10-29,11583,1590,23346,320,
K02000001,United Kingdom,overview,2020-10-28,11434,1494,23604,281,
K02000001,United Kingdom,overview,2020-10-27,10938,1498,24079,285,
K02000001,United Kingdom,overview,2020-10-26,10108,1540,26541,282,
K02000001,United Kingdom,overview,2020-10-25,9786,1423,15718,255,
K02000001,United Kingdom,overview,2020-10-24,9262,1262,16224,219,
K02000001,United Kingdom,overview,2020-10-23,8886,1299,21459,225,
K02000001,United Kingdom,overview,2020-10-22,8311,1285,23230,242,
K02000001,United Kingdom,overview,2020-10-21,8132,1264,25433,232,
K02000001,United Kingdom,overview,2020-10-20,7852,1192,25313,210,
K02000001,United Kingdom,overview,2020-10-19,7334,1108,25602,193,
K02000001,United Kingdom,overview,2020-10-18,6829,1091,14189,167,
K02000001,United Kingdom,overview,2020-10-17,6545,1032,14751,186,
K02000001,United Kingdom,overview,2020-10-16,6296,925,17707,162,
K02000001,United Kingdom,overview,2020-10-15,5933,1047,18421,152,
K02000001,United Kingdom,overview,2020-10-14,5598,987,19687,123,
K02000001,United Kingdom,overview,2020-10-13,5293,1031,18882,119,
K02000001,United Kingdom,overview,2020-10-12,4959,889,19427,120,
K02000001,United Kingdom,overview,2020-10-11,4670,824,12055,128,
K02000001,United Kingdom,overview,2020-10-10,4358,724,12500,107,
K02000001,United Kingdom,overview,2020-10-09,4170,707,15719,96,
K02000001,United Kingdom,overview,2020-10-08,4085,714,18226,97,
K02000001,United Kingdom,overview,2020-10-07,3893,694,18312,110,
K02000001,United Kingdom,overview,2020-10-06,3642,724,17050,84,
K02000001,United Kingdom,overview,2020-10-05,3370,630,16542,68,
K02000001,United Kingdom,overview,2020-10-04,3056,632,11796,63,
K02000001,United Kingdom,overview,2020-10-03,2867,533,11529,70,
K02000001,United Kingdom,overview,2020-10-02,2723,529,13683,74,
K02000001,United Kingdom,overview,2020-10-01,2592,529,13184,71,
K02000001,United Kingdom,overview,2020-09-30,2530,453,12553,61,
K02000001,United Kingdom,overview,2020-09-29,2420,442,10225,48,
K02000001,United Kingdom,overview,2020-09-28,2399,445,9921,55,
K02000001,United Kingdom,overview,2020-09-27,2188,342,6969,56,
K02000001,United Kingdom,overview,2020-09-26,2033,352,6746,47,
K02000001,United Kingdom,overview,2020-09-25,2020,383,7238,40,
K02000001,United Kingdom,overview,2020-09-24,1846,425,7595,34,
K02000001,United Kingdom,overview,2020-09-23,1730,424,7051,58,
K02000001,United Kingdom,overview,2020-09-22,1636,352,6399,39,
K02000001,United Kingdom,overview,2020-09-21,1558,371,5600,30,
K02000001,United Kingdom,overview,2020-09-20,1398,289,5313,40,
K02000001,United Kingdom,overview,2020-09-19,1300,261,4848,25,
K02000001,United Kingdom,overview,2020-09-18,1221,263,4955,30,
K02000001,United Kingdom,overview,2020-09-17,1162,265,4619,38,
K02000001,United Kingdom,overview,2020-09-16,1106,285,4348,31,
K02000001,United Kingdom,overview,2020-09-15,1066,270,3536,26,
K02000001,United Kingdom,overview,2020-09-14,982,258,3379,21,
K02000001,United Kingdom,overview,2020-09-13,843,226,2129,20,
K02000001,United Kingdom,overview,2020-09-12,812,218,2656,23,
K02000001,United Kingdom,overview,2020-09-11,770,231,3283,20,
K02000001,United Kingdom,overview,2020-09-10,944,219,3577,16,
K02000001,United Kingdom,overview,2020-09-09,924,203,3328,14,
K02000001,United Kingdom,overview,2020-09-08,894,186,3301,16,
K02000001,United Kingdom,overview,2020-09-07,902,146,3860,24,
K02000001,United Kingdom,overview,2020-09-06,817,139,2442,13,
K02000001,United Kingdom,overview,2020-09-05,812,130,2543,14,
K02000001,United Kingdom,overview,2020-09-04,818,155,3037,15,
K02000001,United Kingdom,overview,2020-09-03,817,146,3093,9,
K02000001,United Kingdom,overview,2020-09-02,803,146,2992,15,
K02000001,United Kingdom,overview,2020-09-01,861,134,2248,11,
K02000001,United Kingdom,overview,2020-08-31,854,91,1502,18,
K02000001,United Kingdom,overview,2020-08-30,831,77,1159,11,
K02000001,United Kingdom,overview,2020-08-29,833,110,1222,8,
K02000001,United Kingdom,overview,2020-08-28,818,137,1623,12,
K02000001,United Kingdom,overview,2020-08-27,840,152,1551,12,
K02000001,United Kingdom,overview,2020-08-26,829,132,1348,16,
K02000001,United Kingdom,overview,2020-08-25,844,122,1245,22,
K02000001,United Kingdom,overview,2020-08-24,876,92,1272,10,
K02000001,United Kingdom,overview,2020-08-23,870,74,823,17,
K02000001,United Kingdom,overview,2020-08-22,943,72,824,12,
K02000001,United Kingdom,overview,2020-08-21,888,109,1196,10,
K02000001,United Kingdom,overview,2020-08-20,909,98,1460,16,
K02000001,United Kingdom,overview,2020-08-19,924,116,1241,13,
K02000001,United Kingdom,overview,2020-08-18,953,130,1083,15,
K02000001,United Kingdom,overview,2020-08-17,982,97,1279,21,
K02000001,United Kingdom,overview,2020-08-16,979,80,597,15,
K02000001,United Kingdom,overview,2020-08-15,974,99,693,23,
K02000001,United Kingdom,overview,2020-08-14,995,103,1161,18,
K02000001,United Kingdom,overview,2020-08-13,1008,130,1141,23,
K02000001,United Kingdom,overview,2020-08-12,1004,102,1207,24,
K02000001,United Kingdom,overview,2020-08-11,1039,114,1340,20,
K02000001,United Kingdom,overview,2020-08-10,1087,86,1471,25,
K02000001,United Kingdom,overview,2020-08-09,983,106,614,19,
K02000001,United Kingdom,overview,2020-08-08,1027,141,696,22,
K02000001,United Kingdom,overview,2020-08-07,1094,116,943,24,
K02000001,United Kingdom,overview,2020-08-06,1155,102,1082,21,
K02000001,United Kingdom,overview,2020-08-05,1200,140,1057,13,
K02000001,United Kingdom,overview,2020-08-04,1216,128,1018,27,
K02000001,United Kingdom,overview,2020-08-03,1251,110,1038,23,
K02000001,United Kingdom,overview,2020-08-02,1254,93,554,17,
K02000001,United Kingdom,overview,2020-08-01,1290,127,543,20,
K02000001,United Kingdom,overview,2020-07-31,1266,114,676,31,
K02000001,United Kingdom,overview,2020-07-30,1314,132,925,17,
K02000001,United Kingdom,overview,2020-07-29,1350,133,1038,28,
K02000001,United Kingdom,overview,2020-07-28,1369,119,841,26,
K02000001,United Kingdom,overview,2020-07-27,1370,130,856,18,
K02000001,United Kingdom,overview,2020-07-26,1383,109,558,32,
K02000001,United Kingdom,overview,2020-07-25,1401,119,524,23,
K02000001,United Kingdom,overview,2020-07-24,1453,158,773,19,
K02000001,United Kingdom,overview,2020-07-23,1538,200,795,36,
K02000001,United Kingdom,overview,2020-07-22,1747,158,796,34,
K02000001,United Kingdom,overview,2020-07-21,1634,126,782,31,
K02000001,United Kingdom,overview,2020-07-20,1734,130,812,31,
K02000001,United Kingdom,overview,2020-07-19,1742,126,444,24,
K02000001,United Kingdom,overview,2020-07-18,1776,105,497,31,
K02000001,United Kingdom,overview,2020-07-17,1804,144,581,34,
K02000001,United Kingdom,overview,2020-07-16,1829,167,706,21,
K02000001,United Kingdom,overview,2020-07-15,1974,166,772,41,
K02000001,United Kingdom,overview,2020-07-14,1993,187,692,42,
K02000001,United Kingdom,overview,2020-07-13,2112,189,733,45,
K02000001,United Kingdom,overview,2020-07-12,2100,114,369,32,
K02000001,United Kingdom,overview,2020-07-11,2118,177,447,38,
K02000001,United Kingdom,overview,2020-07-10,2243,176,565,44,
K02000001,United Kingdom,overview,2020-07-09,2344,214,718,61,
K02000001,United Kingdom,overview,2020-07-08,2454,208,701,47,
K02000001,United Kingdom,overview,2020-07-07,2598,215,603,43,
K02000001,United Kingdom,overview,2020-07-06,2699,204,706,54,
K02000001,United Kingdom,overview,2020-07-05,2741,196,556,52,
K02000001,United Kingdom,overview,2020-07-04,2802,202,400,52,
K02000001,United Kingdom,overview,2020-07-03,2942,214,573,48,
K02000001,United Kingdom,overview,2020-07-02,3079,216,608,61,
K02000001,United Kingdom,overview,2020-07-01,3198,269,659,54,
K02000001,United Kingdom,overview,2020-06-30,3383,295,617,81,
K02000001,United Kingdom,overview,2020-06-29,3748,220,727,69,
K02000001,United Kingdom,overview,2020-06-28,3557,208,446,71,
K02000001,United Kingdom,overview,2020-06-27,3544,287,652,73,
K02000001,United Kingdom,overview,2020-06-26,3620,339,669,79,
K02000001,United Kingdom,overview,2020-06-25,3850,325,720,108,
K02000001,United Kingdom,overview,2020-06-24,4030,368,776,101,
K02000001,United Kingdom,overview,2020-06-23,4134,363,888,97,
K02000001,United Kingdom,overview,2020-06-22,4281,395,894,83,
K02000001,United Kingdom,overview,2020-06-21,4222,288,638,80,
K02000001,United Kingdom,overview,2020-06-20,4252,257,686,87,
K02000001,United Kingdom,overview,2020-06-19,4414,336,995,88,
K02000001,United Kingdom,overview,2020-06-18,4560,405,1025,90,
K02000001,United Kingdom,overview,2020-06-17,4719,432,1012,105,
K02000001,United Kingdom,overview,2020-06-16,4863,456,1103,120,
K02000001,United Kingdom,overview,2020-06-15,4870,439,1041,107,
K02000001,United Kingdom,overview,2020-06-14,4908,364,819,136,
K02000001,United Kingdom,overview,2020-06-13,4941,385,892,101,
K02000001,United Kingdom,overview,2020-06-12,5090,394,1059,135,
K02000001,United Kingdom,overview,2020-06-11,5179,446,1009,121,
K02000001,United Kingdom,overview,2020-06-10,5475,512,1191,166,
K02000001,United Kingdom,overview,2020-06-09,5736,492,1155,137,
K02000001,United Kingdom,overview,2020-06-08,5931,412,1096,161,
K02000001,United Kingdom,overview,2020-06-07,5944,408,722,163,
K02000001,United Kingdom,overview,2020-06-06,6149,407,808,151,
K02000001,United Kingdom,overview,2020-06-05,6379,475,1128,184,
K02000001,United Kingdom,overview,2020-06-04,6580,565,1251,183,
K02000001,United Kingdom,overview,2020-06-03,6815,633,1357,203,
K02000001,United Kingdom,overview,2020-06-02,7087,668,1487,233,
K02000001,United Kingdom,overview,2020-06-01,7248,604,1439,199,
K02000001,United Kingdom,overview,2020-05-31,7238,528,1081,195,
K02000001,United Kingdom,overview,2020-05-30,7268,568,1118,219,
K02000001,United Kingdom,overview,2020-05-29,7586,614,1528,254,
K02000001,United Kingdom,overview,2020-05-28,7907,702,1755,288,
K02000001,United Kingdom,overview,2020-05-27,8220,712,1826,282,
K02000001,United Kingdom,overview,2020-05-26,8732,698,2055,300,
K02000001,United Kingdom,overview,2020-05-25,8836,602,1616,279,
K02000001,United Kingdom,overview,2020-05-24,8814,587,1365,281,
K02000001,United Kingdom,overview,2020-05-23,8814,643,1526,284,
K02000001,United Kingdom,overview,2020-05-22,9184,739,2053,300,
K02000001,United Kingdom,overview,2020-05-21,9293,841,2566,342,
K02000001,United Kingdom,overview,2020-05-20,9563,851,2702,353,
K02000001,United Kingdom,overview,2020-05-19,10013,881,3052,372,
K02000001,United Kingdom,overview,2020-05-18,10231,849,2574,407,
K02000001,United Kingdom,overview,2020-05-17,10199,792,1834,377,
K02000001,United Kingdom,overview,2020-05-16,10238,813,2075,419,
K02000001,United Kingdom,overview,2020-05-15,10691,871,2525,421,
K02000001,United Kingdom,overview,2020-05-14,10921,909,2623,465,
K02000001,United Kingdom,overview,2020-05-13,11342,966,3309,454,
K02000001,United Kingdom,overview,2020-05-12,11591,983,3388,441,
K02000001,United Kingdom,overview,2020-05-11,11967,1029,3575,428,
K02000001,United Kingdom,overview,2020-05-10,11727,916,2322,494,
K02000001,United Kingdom,overview,2020-05-09,12015,944,2163,539,
K02000001,United Kingdom,overview,2020-05-08,12053,910,3062,569,
K02000001,United Kingdom,overview,2020-05-07,12626,1165,3773,631,
K02000001,United Kingdom,overview,2020-05-06,13148,1206,3821,627,
K02000001,United Kingdom,overview,2020-05-05,13723,1146,3669,642,
K02000001,United Kingdom,overview,2020-05-04,14097,1249,3388,676,
K02000001,United Kingdom,overview,2020-05-03,14188,1188,2987,662,
K02000001,United Kingdom,overview,2020-05-02,14380,1180,3232,705,
K02000001,United Kingdom,overview,2020-05-01,14723,1263,4732,786,
K02000001,United Kingdom,overview,2020-04-30,15164,1441,4957,780,
K02000001,United Kingdom,overview,2020-04-29,15521,1488,5426,817,
K02000001,United Kingdom,overview,2020-04-28,15877,1518,4714,801,
K02000001,United Kingdom,overview,2020-04-27,16662,1538,4701,866,
K02000001,United Kingdom,overview,2020-04-26,16555,1355,3469,894,
K02000001,United Kingdom,overview,2020-04-25,16604,1254,3745,919,
K02000001,United Kingdom,overview,2020-04-24,17063,1526,4945,1005,
K02000001,United Kingdom,overview,2020-04-23,17867,1513,5143,1038,
K02000001,United Kingdom,overview,2020-04-22,18533,1529,5483,1102,
K02000001,United Kingdom,overview,2020-04-21,19139,1712,4764,1085,
K02000001,United Kingdom,overview,2020-04-20,19331,1734,4415,1160,
K02000001,United Kingdom,overview,2020-04-19,19574,1657,3852,1122,
K02000001,United Kingdom,overview,2020-04-18,19456,1629,4702,1189,
K02000001,United Kingdom,overview,2020-04-17,19330,1967,4936,1272,
K02000001,United Kingdom,overview,2020-04-16,20389,2012,5276,1322,
K02000001,United Kingdom,overview,2020-04-15,20582,1880,5045,1276,
K02000001,United Kingdom,overview,2020-04-14,21281,2088,4297,1254,
K02000001,United Kingdom,overview,2020-04-13,21308,2162,4167,1232,
K02000001,United Kingdom,overview,2020-04-12,21687,2066,3480,1378,
K02000001,United Kingdom,overview,2020-04-11,21254,2163,3554,1365,
K02000001,United Kingdom,overview,2020-04-10,21280,2463,4311,1319,
K02000001,United Kingdom,overview,2020-04-09,21005,2629,4851,1375,
K02000001,United Kingdom,overview,2020-04-08,20740,2967,5118,1461,
K02000001,United Kingdom,overview,2020-04-07,20234,3150,5430,1293,
K02000001,United Kingdom,overview,2020-04-06,19493,3046,5259,1170,
K02000001,United Kingdom,overview,2020-04-05,18855,2917,3583,1220,
K02000001,United Kingdom,overview,2020-04-04,17502,2922,4009,1147,
K02000001,United Kingdom,overview,2020-04-03,15546,2930,4891,1061,
K02000001,United Kingdom,overview,2020-04-02,13875,3286,4862,1007,
K02000001,United Kingdom,overview,2020-04-01,13637,3567,4930,924,
K02000001,United Kingdom,overview,2020-03-31,12597,2832,4514,831,
K02000001,United Kingdom,overview,2020-03-30,11093,3191,4260,711,
K02000001,United Kingdom,overview,2020-03-29,9525,2489,2853,586,
K02000001,United Kingdom,overview,2020-03-28,8278,2192,2816,516,
K02000001,United Kingdom,overview,2020-03-27,7267,2227,3184,463,
K02000001,United Kingdom,overview,2020-03-26,,1927,3083,413,
K02000001,United Kingdom,overview,2020-03-25,,2085,2687,337,
K02000001,United Kingdom,overview,2020-03-24,,1717,2372,263,
K02000001,United Kingdom,overview,2020-03-23,,1273,2319,208,
K02000001,United Kingdom,overview,2020-03-22,,,1374,183,
K02000001,United Kingdom,overview,2020-03-21,,,1192,144,
K02000001,United Kingdom,overview,2020-03-20,,,1261,118,
K02000001,United Kingdom,overview,2020-03-19,,,1050,79,
K02000001,United Kingdom,overview,2020-03-18,,,998,73,
K02000001,United Kingdom,overview,2020-03-17,,,768,58,
K02000001,United Kingdom,overview,2020-03-16,,,609,51,
K02000001,United Kingdom,overview,2020-03-15,,,442,31,
K02000001,United Kingdom,overview,2020-03-14,,,363,21,
K02000001,United Kingdom,overview,2020-03-13,,,479,16,
K02000001,United Kingdom,overview,2020-03-12,,,482,13,
K02000001,United Kingdom,overview,2020-03-11,,,404,7,
K02000001,United Kingdom,overview,2020-03-10,,,266,3,
K02000001,United Kingdom,overview,2020-03-09,,,147,5,
K02000001,United Kingdom,overview,2020-03-08,,,57,2,
K02000001,United Kingdom,overview,2020-03-07,,,67,0,
K02000001,United Kingdom,overview,2020-03-06,,,81,2,
K02000001,United Kingdom,overview,2020-03-05,,,50,2,
K02000001,United Kingdom,overview,2020-03-04,,,56,1,
K02000001,United Kingdom,overview,2020-03-03,,,56,0,
K02000001,United Kingdom,overview,2020-03-02,,,39,1,
K02000001,United Kingdom,overview,2020-03-01,,,22,0,
K02000001,United Kingdom,overview,2020-02-29,,,5,0,
K02000001,United Kingdom,overview,2020-02-28,,,12,0,
K02000001,United Kingdom,overview,2020-02-27,,,8,0,
K02000001,United Kingdom,overview,2020-02-26,,,4,0,
K02000001,United Kingdom,overview,2020-02-25,,,5,0,
K02000001,United Kingdom,overview,2020-02-24,,,2,0,
K02000001,United Kingdom,overview,2020-02-23,,,1,0,
K02000001,United Kingdom,overview,2020-02-22,,,0,1,
K02000001,United Kingdom,overview,2020-02-21,,,1,0,
K02000001,United Kingdom,overview,2020-02-20,,,0,0,
K02000001,United Kingdom,overview,2020-02-19,,,0,0,
K02000001,United Kingdom,overview,2020-02-18,,,0,0,
K02000001,United Kingdom,overview,2020-02-17,,,0,0,
K02000001,United Kingdom,overview,2020-02-16,,,0,0,
K02000001,United Kingdom,overview,2020-02-15,,,0,0,
K02000001,United Kingdom,overview,2020-02-14,,,0,0,
K02000001,United Kingdom,overview,2020-02-13,,,0,0,
K02000001,United Kingdom,overview,2020-02-12,,,0,0,
K02000001,United Kingdom,overview,2020-02-11,,,1,0,
K02000001,United Kingdom,overview,2020-02-10,,,0,0,
K02000001,United Kingdom,overview,2020-02-09,,,1,0,
K02000001,United Kingdom,overview,2020-02-08,,,4,0,
K02000001,United Kingdom,overview,2020-02-07,,,0,0,
K02000001,United Kingdom,overview,2020-02-06,,,0,0,
K02000001,United Kingdom,overview,2020-02-05,,,1,0,
K02000001,United Kingdom,overview,2020-02-04,,,0,0,
K02000001,United Kingdom,overview,2020-02-03,,,0,0,
K02000001,United Kingdom,overview,2020-02-02,,,0,1,
K02000001,United Kingdom,overview,2020-02-01,,,0,0,
K02000001,United Kingdom,overview,2020-01-31,,,0,0,
K02000001,United Kingdom,overview,2020-01-30,,,2,1,
